FS1_0,FS1_1,FS1_2,FS1_3,FS1_4,FS1_5,FS1_6,FS1_7,FS1_8,FS1_9,FS1_10,FS1_11,FS1_12,FS1_13,FS1_14,FS1_15,FS1_16,FS1_17,FS1_18,FS1_19,FS1_20,FS1_21,FS1_22,FS1_23,FS1_24,FS1_25,FS1_26,FS1_27,FS1_28,FS1_29,FS1_30,FS1_31,FS1_32,FS1_33,FS1_34,FS1_35,FS1_36,FS1_37,FS1_38,FS1_39,FS1_40,FS1_41,FS1_42,FS1_43,FS1_44,FS1_45,FS1_46,FS1_47,FS1_48,FS1_49,FS1_50,FS1_51,FS1_52,FS1_53,FS1_54,FS1_55,FS1_56,FS1_57,FS1_58,FS1_59,FS1_60,FS1_61,FS1_62,FS1_63,FS1_64,FS1_65,FS1_66,FS1_67,FS1_68,FS1_69,FS1_70,FS1_71,FS1_72,FS1_73,FS1_74,FS1_75,FS1_76,FS1_77,FS1_78,FS1_79,FS1_80,FS1_81,FS1_82,FS1_83,FS1_84,FS1_85,FS1_86,FS1_87,FS1_88,FS1_89,FS1_90,FS1_91,FS1_92,FS1_93,FS1_94,FS1_95,FS1_96,FS1_97,FS1_98,FS1_99,FS1_100,FS1_101,FS1_102,FS1_103,FS1_104,FS1_105,FS1_106,FS1_107,FS1_108,FS1_109,FS1_110,FS1_111,FS1_112,FS1_113,FS1_114,FS1_115,FS1_116,FS1_117,FS1_118,FS1_119,FS1_120,FS1_121,FS1_122,FS1_123,FS1_124,FS1_125,FS1_126,FS1_127,FS1_128,FS1_129,FS1_130,FS1_131,FS1_132,FS1_133,FS1_134,FS1_135,FS1_136,FS1_137,FS1_138,FS1_139,FS1_140,FS1_141,FS1_142,FS1_143,FS1_144,FS1_145,FS1_146,FS1_147,FS1_148,FS1_149,FS1_150,FS1_151,FS1_152,FS1_153,FS1_154,FS1_155,FS1_156,FS1_157,FS1_158,FS1_159,FS1_160,FS1_161,FS1_162,FS1_163,FS1_164,FS1_165,FS1_166,FS1_167,FS1_168,FS1_169,FS1_170,FS1_171,FS1_172,FS1_173,FS1_174,FS1_175,FS1_176,FS1_177,FS1_178,FS1_179,FS1_180,FS1_181,FS1_182,FS1_183,FS1_184,FS1_185,FS1_186,FS1_187,FS1_188,FS1_189,FS1_190,FS1_191,FS1_192,FS1_193,FS1_194,FS1_195,FS1_196,FS1_197,FS1_198,FS1_199,FS1_200,FS1_201,FS1_202,FS1_203,FS1_204,FS1_205,FS1_206,FS1_207,FS1_208,FS1_209,FS1_210,FS1_211,FS1_212,FS1_213,FS1_214,FS1_215,FS1_216,FS1_217,FS1_218,FS1_219,FS1_220,FS1_221,FS1_222,FS1_223,FS1_224,FS1_225,FS1_226,FS1_227,FS1_228,FS1_229,FS1_230,FS1_231,FS1_232,FS1_233,FS1_234,FS1_235,FS1_236,FS1_237,FS1_238,FS1_239,FS1_240,FS1_241,FS1_242,FS1_243,FS1_244,FS1_245,FS1_246,FS1_247,FS1_248,FS1_249,FS1_250,FS1_251,FS1_252,FS1_253,FS1_254,FS1_255,FS1_256,FS1_257,FS1_258,FS1_259,FS1_260,FS1_261,FS1_262,FS1_263,FS1_264,FS1_265,FS1_266,FS1_267,FS1_268,FS1_269,FS1_270,FS1_271,FS1_272,FS1_273,FS1_274,FS1_275,FS1_276,FS1_277,FS1_278,FS1_279,FS1_280,FS1_281,FS1_282,FS1_283,FS1_284,FS1_285,FS1_286,FS1_287,FS1_288,FS1_289,FS1_290,FS1_291,FS1_292,FS1_293,FS1_294,FS1_295,FS1_296,FS1_297,FS1_298,FS1_299,FS1_300,FS1_301,FS1_302,FS1_303,FS1_304,FS1_305,FS1_306,FS1_307,FS1_308,FS1_309,FS1_310,FS1_311,FS1_312,FS1_313,FS1_314,FS1_315,FS1_316,FS1_317,FS1_318,FS1_319,FS1_320,FS1_321,FS1_322,FS1_323,FS1_324,FS1_325,FS1_326,FS1_327,FS1_328,FS1_329,FS1_330,FS1_331,FS1_332,FS1_333,FS1_334,FS1_335,FS1_336,FS1_337,FS1_338,FS1_339,FS1_340,FS1_341,FS1_342,FS1_343,FS1_344,FS1_345,FS1_346,FS1_347,FS1_348,FS1_349,FS1_350,FS1_351,FS1_352,FS1_353,FS1_354,FS1_355,FS1_356,FS1_357,FS1_358,FS1_359,FS1_360,FS1_361,FS1_362,FS1_363,FS1_364,FS1_365,FS1_366,FS1_367,FS1_368,FS1_369,FS1_370,FS1_371,FS1_372,FS1_373,FS1_374,FS1_375,FS1_376,FS1_377,FS1_378,FS1_379,FS1_380,FS1_381,FS1_382,FS1_383,FS1_384,FS1_385,FS1_386,FS1_387,FS1_388,FS1_389,FS1_390,FS1_391,FS1_392,FS1_393,FS1_394,FS1_395,FS1_396,FS1_397,FS1_398,FS1_399,FS1_400,FS1_401,FS1_402,FS1_403,FS1_404,FS1_405,FS1_406,FS1_407,FS1_408,FS1_409,FS1_410,FS1_411,FS1_412,FS1_413,FS1_414,FS1_415,FS1_416,FS1_417,FS1_418,FS1_419,FS1_420,FS1_421,FS1_422,FS1_423,FS1_424,FS1_425,FS1_426,FS1_427,FS1_428,FS1_429,FS1_430,FS1_431,FS1_432,FS1_433,FS1_434,FS1_435,FS1_436,FS1_437,FS1_438,FS1_439,FS1_440,FS1_441,FS1_442,FS1_443,FS1_444,FS1_445,FS1_446,FS1_447,FS1_448,FS1_449,FS1_450,FS1_451,FS1_452,FS1_453,FS1_454,FS1_455,FS1_456,FS1_457,FS1_458,FS1_459,FS1_460,FS1_461,FS1_462,FS1_463,FS1_464,FS1_465,FS1_466,FS1_467,FS1_468,FS1_469,FS1_470,FS1_471,FS1_472,FS1_473,FS1_474,FS1_475,FS1_476,FS1_477,FS1_478,FS1_479,FS1_480,FS1_481,FS1_482,FS1_483,FS1_484,FS1_485,FS1_486,FS1_487,FS1_488,FS1_489,FS1_490,FS1_491,FS1_492,FS1_493,FS1_494,FS1_495,FS1_496,FS1_497,FS1_498,FS1_499,FS1_500,FS1_501,FS1_502,FS1_503,FS1_504,FS1_505,FS1_506,FS1_507,FS1_508,FS1_509,FS1_510,FS1_511,FS1_512,FS1_513,FS1_514,FS1_515,FS1_516,FS1_517,FS1_518,FS1_519,FS1_520,FS1_521,FS1_522,FS1_523,FS1_524,FS1_525,FS1_526,FS1_527,FS1_528,FS1_529,FS1_530,FS1_531,FS1_532,FS1_533,FS1_534,FS1_535,FS1_536,FS1_537,FS1_538,FS1_539,FS1_540,FS1_541,FS1_542,FS1_543,FS1_544,FS1_545,FS1_546,FS1_547,FS1_548,FS1_549,FS1_550,FS1_551,FS1_552,FS1_553,FS1_554,FS1_555,FS1_556,FS1_557,FS1_558,FS1_559,FS1_560,FS1_561,FS1_562,FS1_563,FS1_564,FS1_565,FS1_566,FS1_567,FS1_568,FS1_569,FS1_570,FS1_571,FS1_572,FS1_573,FS1_574,FS1_575,FS1_576,FS1_577,FS1_578,FS1_579,FS1_580,FS1_581,FS1_582,FS1_583,FS1_584,FS1_585,FS1_586,FS1_587,FS1_588,FS1_589,FS1_590,FS1_591,FS1_592,FS1_593,FS1_594,FS1_595,FS1_596,FS1_597,FS1_598,FS1_599
8.702,0.937,0.806,0.008,0.005,0.003,0.001,0.003,0.004,0.004,0.0,0.0,0.0,0.001,0.0,0.0,0.0,0.0,0.001,0.001,0.0,0.001,0.0,0.001,0.003,0.001,0.003,0.003,0.003,0.003,0.0,0.0,0.001,0.0,0.001,0.0,0.001,0.003,0.0,0.0,0.0,0.0,0.0,0.0,0.0,0.0,0.003,0.006,0.0,0.001,0.0,0.003,0.003,0.0,0.001,0.001,0.003,0.008,0.0,0.0,0.001,0.001,0.001,0.0,0.001,0.003,0.0,0.0,0.0,0.0,0.0,0.0,0.0,0.0,0.003,0.006,0.001,0.001,0.001,0.0,0.0,0.003,0.001,0.003,0.004,0.007,0.0,0.001,0.001,0.001,0.001,0.003,0.001,0.003,9.494,20.243,17.578,15.318,13.526,12.09,11.002,10.18,9.563,9.086,8.851,8.606,8.344,8.192,8.232,8.003,8.206,8.046,7.915,8.047,7.894,8.153,7.963,7.834,8.051,7.959,7.997,7.947,7.775,8.099,7.991,7.824,7.992,7.836,8.125,7.911,7.791,8.064,7.927,8.003,7.909,7.809,8.13,7.938,7.858,7.996,7.833,8.017,7.923,7.754,8.111,7.936,7.892,7.902,7.797,8.074,7.941,7.783,8.028,7.911,8.016,7.909,7.739,8.071,7.927,7.756,8.022,7.887,8.016,7.89,7.761,8.076,7.967,7.835,7.934,7.848,7.994,7.927,7.737,8.059,7.936,7.81,7.959,7.843,8.012,7.892,7.736,8.051,7.906,7.751,7.996,7.881,7.973,7.881,7.709,8.028,6.011,1.186,4.454,5.822,6.805,7.193,7.558,7.601,7.984,7.863,7.71,7.846,7.685,8.016,7.853,7.673,7.91,7.779,8.003,7.881,7.68,7.972,7.75,7.879,7.837,7.576,8.026,7.856,7.879,7.907,7.716,8.041,7.873,7.758,7.888,7.743,8.013,7.874,7.665,7.915,7.762,7.953,7.812,7.641,7.995,7.823,7.864,7.863,7.673,8.009,7.831,7.716,7.808,7.651,8.043,7.884,7.728,7.924,7.792,7.975,7.841,7.687,7.995,7.764,7.839,7.854,7.638,7.995,7.883,7.854,7.863,7.705,8.037,7.863,7.748,7.885,7.705,7.995,7.834,7.687,7.946,7.749,7.976,7.874,7.676,7.976,7.794,7.933,7.856,7.607,7.953,7.854,7.852,7.85,7.708,8.057,7.837,7.802,7.862,7.718,6.084,2.231,4.108,5.87,6.734,7.268,7.404,7.594,7.808,7.743,7.778,7.904,7.772,7.886,7.724,7.901,7.756,7.921,7.691,7.954,7.745,7.979,7.644,7.894,7.703,7.936,7.63,7.898,7.688,7.907,7.713,7.884,7.701,7.808,7.743,7.821,7.714,7.808,7.764,7.828,7.808,7.783,7.833,7.731,7.877,7.736,7.925,7.714,7.957,7.711,7.956,7.731,7.926,7.674,7.928,7.694,7.917,7.666,7.93,7.639,7.869,7.683,7.839,7.737,7.783,7.749,7.797,7.827,7.821,7.821,7.754,7.887,7.756,7.89,7.755,7.859,7.705,7.932,7.734,7.905,7.709,7.929,7.685,7.976,7.716,7.903,7.666,7.864,7.673,7.856,7.718,7.82,7.721,7.833,7.809,7.808,7.833,7.781,7.864,7.752,9.179,12.754,10.885,9.624,9.029,8.581,8.258,8.164,7.879,7.898,8.001,7.878,8.023,7.854,7.664,7.862,7.728,7.98,7.892,7.626,7.936,7.833,7.989,7.796,7.697,7.99,7.806,7.886,7.836,7.691,8.011,7.812,7.833,7.806,7.68,8.005,7.928,7.911,7.902,7.6,7.961,7.889,7.926,7.814,7.718,7.928,7.866,7.816,7.833,7.676,8.101,7.883,7.777,7.916,7.661,7.969,7.824,7.917,7.821,7.657,8.018,7.835,7.77,7.888,7.708,8.015,7.892,7.878,7.883,7.688,7.979,7.861,7.85,7.84,7.636,8.004,7.873,7.836,7.8,7.689,8.057,7.863,7.797,7.819,7.694,8.049,7.84,7.756,7.857,7.697,8.032,7.836,7.726,7.938,7.775,8.024,7.908,7.727,7.965,7.711,8.834,10.244,9.476,8.763,8.386,8.318,8.044,8.033,7.842,7.923,8.039,7.768,8.11,7.886,7.694,8.005,7.798,7.879,7.904,7.747,8.057,7.938,7.784,7.916,7.875,7.889,7.82,7.709,8.003,7.941,7.893,7.904,7.768,7.996,7.859,7.688,7.995,7.783,7.963,7.856,7.688,8.04,7.918,7.727,7.994,7.771,7.961,7.898,7.701,7.986,7.874,7.759,7.944,7.781,7.973,7.839,7.653,7.967,7.911,7.808,7.94,7.791,8.051,7.817,7.659,7.976,7.85,7.837,7.853,7.682,7.988,7.871,7.688,7.976,7.831,7.95,7.904,7.696,8.053,7.911,7.764,7.874,7.785,7.915,7.848,7.733,8.054,7.916,7.674,7.864,7.755,7.99,7.821,7.646,8.008,7.891,7.81,7.914,7.731,8.032,7.885,7.708,7.947,7.905,7.813,7.859,7.792,8.017,7.828,7.727
8.635,0.589,0.44,0.011,0.004,0.007,0.0,0.0,0.001,0.003,0.001,0.0,0.003,0.003,0.0,0.0,0.0,0.0,0.0,0.0,0.0,0.0,0.003,0.006,0.001,0.0,0.001,0.001,0.0,0.0,0.001,0.001,0.005,0.009,0.0,0.0,0.001,0.003,0.0,0.0,0.003,0.001,0.001,0.0,0.0,0.0,0.001,0.003,0.0,0.001,0.004,0.001,0.001,0.0,0.0,0.0,0.0,0.0,0.0,0.0,0.003,0.003,0.007,0.0,0.004,0.001,0.001,0.001,0.0,0.003,0.004,0.004,0.003,0.0,0.003,0.001,0.001,0.001,0.0,0.0,0.003,0.0,0.0,0.0,0.0,0.0,0.0,0.0,0.003,0.004,0.0,0.0,0.001,0.0,12.778,20.13,17.431,15.259,13.453,12.093,10.879,10.158,9.593,9.086,8.774,8.581,8.38,8.239,8.048,8.219,8.009,8.127,8.03,7.849,8.139,7.94,8.055,7.976,7.834,8.076,7.994,7.853,7.989,7.849,8.104,7.969,7.779,8.028,7.926,8.011,7.927,7.798,8.097,7.923,7.821,7.959,7.875,8.065,7.946,7.792,8.068,7.877,7.926,7.984,7.827,8.078,7.915,7.775,8.041,7.875,7.916,7.94,7.771,8.056,7.93,7.728,8.04,7.921,7.953,7.948,7.762,8.059,7.951,7.745,7.946,7.879,7.931,7.898,7.749,8.093,7.926,7.766,8.018,7.854,7.994,7.917,7.729,8.088,7.923,7.753,7.955,7.843,7.98,7.894,7.748,8.049,7.888,7.773,7.978,7.868,5.652,1.501,4.391,5.925,6.61,7.183,7.359,7.888,7.702,7.881,7.856,7.661,7.996,7.814,7.858,7.82,7.641,8.018,7.842,7.686,7.864,7.71,8.018,7.828,7.68,7.942,7.789,7.94,7.845,7.673,7.984,7.793,7.845,7.864,7.706,8.028,7.831,7.69,7.95,7.773,7.988,7.854,7.685,7.966,7.781,7.896,7.839,7.661,7.997,7.861,7.763,7.858,7.718,7.993,7.869,7.705,7.925,7.756,7.954,7.839,7.688,7.933,7.806,7.934,7.835,7.662,7.995,7.831,7.76,7.86,7.723,7.976,7.863,7.727,7.892,7.706,7.992,7.862,7.688,7.923,7.756,7.99,7.854,7.615,7.978,7.8,7.918,7.884,7.693,8.015,7.831,7.848,7.845,7.708,8.026,7.854,7.662,7.868,7.736,8.029,6.086,2.116,4.125,5.981,6.786,7.213,7.481,7.481,7.89,7.662,7.854,7.747,7.973,7.764,7.796,7.793,7.753,7.813,7.733,7.844,7.783,7.884,7.741,7.923,7.732,7.953,7.735,7.969,7.68,7.963,7.674,7.961,7.688,7.883,7.622,7.916,7.711,7.838,7.659,7.892,7.708,7.861,7.735,7.839,7.758,7.806,7.764,7.739,7.89,7.749,7.899,7.743,7.938,7.716,7.923,7.706,7.959,7.693,7.944,7.671,7.965,7.679,7.896,7.674,7.916,7.679,7.857,7.688,7.85,7.699,7.791,7.792,7.825,7.779,7.812,7.862,7.749,7.865,7.827,7.915,7.752,7.928,7.749,7.898,7.75,7.923,7.703,7.943,7.679,7.889,7.666,7.851,7.69,7.853,7.766,7.815,7.76,7.818,7.804,7.801,9.067,12.619,10.86,9.779,8.871,8.644,8.303,8.268,7.863,7.821,7.919,7.768,8.124,7.925,7.773,7.804,7.768,8.085,7.936,7.708,7.944,7.673,8.062,7.828,7.716,7.909,7.687,8.038,7.9,7.738,7.888,7.721,7.959,7.888,7.703,7.965,7.758,8.006,7.891,7.679,7.877,7.727,7.974,7.814,7.724,7.961,7.833,7.973,7.875,7.682,7.928,7.813,8.024,7.828,7.708,7.942,7.791,7.911,7.907,7.68,7.905,7.783,7.91,7.873,7.655,7.972,7.808,7.896,7.874,7.669,7.963,7.867,7.845,7.845,7.655,8.024,7.831,7.838,7.869,7.68,8.03,7.845,7.795,7.882,7.747,8.074,7.802,7.743,7.863,7.69,8.033,7.888,7.722,7.909,7.695,7.965,7.875,7.701,7.966,7.728,8.855,10.221,9.469,8.831,8.406,8.304,8.003,8.244,7.833,7.756,7.939,7.726,8.033,7.874,7.699,8.005,7.827,7.894,7.961,7.741,8.041,7.849,7.774,7.963,7.86,7.969,7.846,7.718,8.055,7.829,7.771,7.939,7.747,7.934,7.839,7.749,8.001,7.914,7.794,7.911,7.764,8.023,7.839,7.668,7.972,7.893,7.798,7.862,7.773,7.995,7.946,7.649,8.003,7.856,7.879,7.888,7.694,8.124,7.848,7.727,8.015,7.739,7.863,7.902,7.733,8.007,7.824,7.705,7.938,7.841,7.943,7.899,7.726,8.018,7.877,7.67,7.881,7.803,7.994,7.906,7.68,8.043,7.873,7.809,7.836,7.783,8.005,7.863,7.72,7.992,7.844,7.848,7.902,7.739,8.048,7.879,7.701,8.003,7.801,7.786,7.863,7.783,8.03,7.854,7.681,8.007,7.865,7.796,7.879,7.737
8.702,0.937,0.806,0.008,0.005,0.003,0.001,0.003,0.004,0.004,0.0,0.0,0.0,0.001,0.0,0.0,0.0,0.0,0.001,0.001,0.0,0.001,0.0,0.001,0.003,0.001,0.003,0.003,0.003,0.003,0.0,0.0,0.001,0.0,0.001,0.0,0.001,0.003,0.0,0.0,0.0,0.0,0.0,0.0,0.0,0.0,0.003,0.006,0.0,0.001,0.0,0.003,0.003,0.0,0.001,0.001,0.003,0.008,0.0,0.0,0.001,0.001,0.001,0.0,0.001,0.003,0.0,0.0,0.0,0.0,0.0,0.0,0.0,0.0,0.003,0.006,0.001,0.001,0.001,0.0,0.0,0.003,0.001,0.003,0.004,0.007,0.0,0.001,0.001,0.001,0.001,0.003,0.001,0.003,9.494,20.243,17.578,15.318,13.526,12.09,11.002,10.18,9.563,9.086,8.851,8.606,8.344,8.192,8.232,8.003,8.206,8.046,7.915,8.047,7.894,8.153,7.963,7.834,8.051,7.959,7.997,7.947,7.775,8.099,7.991,7.824,7.992,7.836,8.125,7.911,7.791,8.064,7.927,8.003,7.909,7.809,8.13,7.938,7.858,7.996,7.833,8.017,7.923,7.754,8.111,7.936,7.892,7.902,7.797,8.074,7.941,7.783,8.028,7.911,8.016,7.909,7.739,8.071,7.927,7.756,8.022,7.887,8.016,7.89,7.761,8.076,7.967,7.835,7.934,7.848,7.994,7.927,7.737,8.059,7.936,7.81,7.959,7.843,8.012,7.892,7.736,8.051,7.906,7.751,7.996,7.881,7.973,7.881,7.709,8.028,6.011,1.186,4.454,5.822,6.805,7.193,7.558,7.601,7.984,7.863,7.71,7.846,7.685,8.016,7.853,7.673,7.91,7.779,8.003,7.881,7.68,7.972,7.75,7.879,7.837,7.576,8.026,7.856,7.879,7.907,7.716,8.041,7.873,7.758,7.888,7.743,8.013,7.874,7.665,7.915,7.762,7.953,7.812,7.641,7.995,7.823,7.864,7.863,7.673,8.009,7.831,7.716,7.808,7.651,8.043,7.884,7.728,7.924,7.792,7.975,7.841,7.687,7.995,7.764,7.839,7.854,7.638,7.995,7.883,7.854,7.863,7.705,8.037,7.863,7.748,7.885,7.705,7.995,7.834,7.687,7.946,7.749,7.976,7.874,7.676,7.976,7.794,7.933,7.856,7.607,7.953,7.854,7.852,7.85,7.708,8.057,7.837,7.802,7.862,7.718,6.084,2.231,4.108,5.87,6.734,7.268,7.404,7.594,7.808,7.743,7.778,7.904,7.772,7.886,7.724,7.901,7.756,7.921,7.691,7.954,7.745,7.979,7.644,7.894,7.703,7.936,7.63,7.898,7.688,7.907,7.713,7.884,7.701,7.808,7.743,7.821,7.714,7.808,7.764,7.828,7.808,7.783,7.833,7.731,7.877,7.736,7.925,7.714,7.957,7.711,7.956,7.731,7.926,7.674,7.928,7.694,7.917,7.666,7.93,7.639,7.869,7.683,7.839,7.737,7.783,7.749,7.797,7.827,7.821,7.821,7.754,7.887,7.756,7.89,7.755,7.859,7.705,7.932,7.734,7.905,7.709,7.929,7.685,7.976,7.716,7.903,7.666,7.864,7.673,7.856,7.718,7.82,7.721,7.833,7.809,7.808,7.833,7.781,7.864,7.752,9.179,12.754,10.885,9.624,9.029,8.581,8.258,8.164,7.879,7.898,8.001,7.878,8.023,7.854,7.664,7.862,7.728,7.98,7.892,7.626,7.936,7.833,7.989,7.796,7.697,7.99,7.806,7.886,7.836,7.691,8.011,7.812,7.833,7.806,7.68,8.005,7.928,7.911,7.902,7.6,7.961,7.889,7.926,7.814,7.718,7.928,7.866,7.816,7.833,7.676,8.101,7.883,7.777,7.916,7.661,7.969,7.824,7.917,7.821,7.657,8.018,7.835,7.77,7.888,7.708,8.015,7.892,7.878,7.883,7.688,7.979,7.861,7.85,7.84,7.636,8.004,7.873,7.836,7.8,7.689,8.057,7.863,7.797,7.819,7.694,8.049,7.84,7.756,7.857,7.697,8.032,7.836,7.726,7.938,7.775,8.024,7.908,7.727,7.965,7.711,8.834,10.244,9.476,8.763,8.386,8.318,8.044,8.033,7.842,7.923,8.039,7.768,8.11,7.886,7.694,8.005,7.798,7.879,7.904,7.747,8.057,7.938,7.784,7.916,7.875,7.889,7.82,7.709,8.003,7.941,7.893,7.904,7.768,7.996,7.859,7.688,7.995,7.783,7.963,7.856,7.688,8.04,7.918,7.727,7.994,7.771,7.961,7.898,7.701,7.986,7.874,7.759,7.944,7.781,7.973,7.839,7.653,7.967,7.911,7.808,7.94,7.791,8.051,7.817,7.659,7.976,7.85,7.837,7.853,7.682,7.988,7.871,7.688,7.976,7.831,7.95,7.904,7.696,8.053,7.911,7.764,7.874,7.785,7.915,7.848,7.733,8.054,7.916,7.674,7.864,7.755,7.99,7.821,7.646,8.008,7.891,7.81,7.914,7.731,8.032,7.885,7.708,7.947,7.905,7.813,7.859,7.792,8.017,7.828,7.727
8.635,0.589,0.44,0.011,0.004,0.007,0.0,0.0,0.001,0.003,0.001,0.0,0.003,0.003,0.0,0.0,0.0,0.0,0.0,0.0,0.0,0.0,0.003,0.006,0.001,0.0,0.001,0.001,0.0,0.0,0.001,0.001,0.005,0.009,0.0,0.0,0.001,0.003,0.0,0.0,0.003,0.001,0.001,0.0,0.0,0.0,0.001,0.003,0.0,0.001,0.004,0.001,0.001,0.0,0.0,0.0,0.0,0.0,0.0,0.0,0.003,0.003,0.007,0.0,0.004,0.001,0.001,0.001,0.0,0.003,0.004,0.004,0.003,0.0,0.003,0.001,0.001,0.001,0.0,0.0,0.003,0.0,0.0,0.0,0.0,0.0,0.0,0.0,0.003,0.004,0.0,0.0,0.001,0.0,12.778,20.13,17.431,15.259,13.453,12.093,10.879,10.158,9.593,9.086,8.774,8.581,8.38,8.239,8.048,8.219,8.009,8.127,8.03,7.849,8.139,7.94,8.055,7.976,7.834,8.076,7.994,7.853,7.989,7.849,8.104,7.969,7.779,8.028,7.926,8.011,7.927,7.798,8.097,7.923,7.821,7.959,7.875,8.065,7.946,7.792,8.068,7.877,7.926,7.984,7.827,8.078,7.915,7.775,8.041,7.875,7.916,7.94,7.771,8.056,7.93,7.728,8.04,7.921,7.953,7.948,7.762,8.059,7.951,7.745,7.946,7.879,7.931,7.898,7.749,8.093,7.926,7.766,8.018,7.854,7.994,7.917,7.729,8.088,7.923,7.753,7.955,7.843,7.98,7.894,7.748,8.049,7.888,7.773,7.978,7.868,5.652,1.501,4.391,5.925,6.61,7.183,7.359,7.888,7.702,7.881,7.856,7.661,7.996,7.814,7.858,7.82,7.641,8.018,7.842,7.686,7.864,7.71,8.018,7.828,7.68,7.942,7.789,7.94,7.845,7.673,7.984,7.793,7.845,7.864,7.706,8.028,7.831,7.69,7.95,7.773,7.988,7.854,7.685,7.966,7.781,7.896,7.839,7.661,7.997,7.861,7.763,7.858,7.718,7.993,7.869,7.705,7.925,7.756,7.954,7.839,7.688,7.933,7.806,7.934,7.835,7.662,7.995,7.831,7.76,7.86,7.723,7.976,7.863,7.727,7.892,7.706,7.992,7.862,7.688,7.923,7.756,7.99,7.854,7.615,7.978,7.8,7.918,7.884,7.693,8.015,7.831,7.848,7.845,7.708,8.026,7.854,7.662,7.868,7.736,8.029,6.086,2.116,4.125,5.981,6.786,7.213,7.481,7.481,7.89,7.662,7.854,7.747,7.973,7.764,7.796,7.793,7.753,7.813,7.733,7.844,7.783,7.884,7.741,7.923,7.732,7.953,7.735,7.969,7.68,7.963,7.674,7.961,7.688,7.883,7.622,7.916,7.711,7.838,7.659,7.892,7.708,7.861,7.735,7.839,7.758,7.806,7.764,7.739,7.89,7.749,7.899,7.743,7.938,7.716,7.923,7.706,7.959,7.693,7.944,7.671,7.965,7.679,7.896,7.674,7.916,7.679,7.857,7.688,7.85,7.699,7.791,7.792,7.825,7.779,7.812,7.862,7.749,7.865,7.827,7.915,7.752,7.928,7.749,7.898,7.75,7.923,7.703,7.943,7.679,7.889,7.666,7.851,7.69,7.853,7.766,7.815,7.76,7.818,7.804,7.801,9.067,12.619,10.86,9.779,8.871,8.644,8.303,8.268,7.863,7.821,7.919,7.768,8.124,7.925,7.773,7.804,7.768,8.085,7.936,7.708,7.944,7.673,8.062,7.828,7.716,7.909,7.687,8.038,7.9,7.738,7.888,7.721,7.959,7.888,7.703,7.965,7.758,8.006,7.891,7.679,7.877,7.727,7.974,7.814,7.724,7.961,7.833,7.973,7.875,7.682,7.928,7.813,8.024,7.828,7.708,7.942,7.791,7.911,7.907,7.68,7.905,7.783,7.91,7.873,7.655,7.972,7.808,7.896,7.874,7.669,7.963,7.867,7.845,7.845,7.655,8.024,7.831,7.838,7.869,7.68,8.03,7.845,7.795,7.882,7.747,8.074,7.802,7.743,7.863,7.69,8.033,7.888,7.722,7.909,7.695,7.965,7.875,7.701,7.966,7.728,8.855,10.221,9.469,8.831,8.406,8.304,8.003,8.244,7.833,7.756,7.939,7.726,8.033,7.874,7.699,8.005,7.827,7.894,7.961,7.741,8.041,7.849,7.774,7.963,7.86,7.969,7.846,7.718,8.055,7.829,7.771,7.939,7.747,7.934,7.839,7.749,8.001,7.914,7.794,7.911,7.764,8.023,7.839,7.668,7.972,7.893,7.798,7.862,7.773,7.995,7.946,7.649,8.003,7.856,7.879,7.888,7.694,8.124,7.848,7.727,8.015,7.739,7.863,7.902,7.733,8.007,7.824,7.705,7.938,7.841,7.943,7.899,7.726,8.018,7.877,7.67,7.881,7.803,7.994,7.906,7.68,8.043,7.873,7.809,7.836,7.783,8.005,7.863,7.72,7.992,7.844,7.848,7.902,7.739,8.048,7.879,7.701,8.003,7.801,7.786,7.863,7.783,8.03,7.854,7.681,8.007,7.865,7.796,7.879,7.737
8.702,0.937,0.806,0.008,0.005,0.003,0.001,0.003,0.004,0.004,0.0,0.0,0.0,0.001,0.0,0.0,0.0,0.0,0.001,0.001,0.0,0.001,0.0,0.001,0.003,0.001,0.003,0.003,0.003,0.003,0.0,0.0,0.001,0.0,0.001,0.0,0.001,0.003,0.0,0.0,0.0,0.0,0.0,0.0,0.0,0.0,0.003,0.006,0.0,0.001,0.0,0.003,0.003,0.0,0.001,0.001,0.003,0.008,0.0,0.0,0.001,0.001,0.001,0.0,0.001,0.003,0.0,0.0,0.0,0.0,0.0,0.0,0.0,0.0,0.003,0.006,0.001,0.001,0.001,0.0,0.0,0.003,0.001,0.003,0.004,0.007,0.0,0.001,0.001,0.001,0.001,0.003,0.001,0.003,9.494,20.243,17.578,15.318,13.526,12.09,11.002,10.18,9.563,9.086,8.851,8.606,8.344,8.192,8.232,8.003,8.206,8.046,7.915,8.047,7.894,8.153,7.963,7.834,8.051,7.959,7.997,7.947,7.775,8.099,7.991,7.824,7.992,7.836,8.125,7.911,7.791,8.064,7.927,8.003,7.909,7.809,8.13,7.938,7.858,7.996,7.833,8.017,7.923,7.754,8.111,7.936,7.892,7.902,7.797,8.074,7.941,7.783,8.028,7.911,8.016,7.909,7.739,8.071,7.927,7.756,8.022,7.887,8.016,7.89,7.761,8.076,7.967,7.835,7.934,7.848,7.994,7.927,7.737,8.059,7.936,7.81,7.959,7.843,8.012,7.892,7.736,8.051,7.906,7.751,7.996,7.881,7.973,7.881,7.709,8.028,6.011,1.186,4.454,5.822,6.805,7.193,7.558,7.601,7.984,7.863,7.71,7.846,7.685,8.016,7.853,7.673,7.91,7.779,8.003,7.881,7.68,7.972,7.75,7.879,7.837,7.576,8.026,7.856,7.879,7.907,7.716,8.041,7.873,7.758,7.888,7.743,8.013,7.874,7.665,7.915,7.762,7.953,7.812,7.641,7.995,7.823,7.864,7.863,7.673,8.009,7.831,7.716,7.808,7.651,8.043,7.884,7.728,7.924,7.792,7.975,7.841,7.687,7.995,7.764,7.839,7.854,7.638,7.995,7.883,7.854,7.863,7.705,8.037,7.863,7.748,7.885,7.705,7.995,7.834,7.687,7.946,7.749,7.976,7.874,7.676,7.976,7.794,7.933,7.856,7.607,7.953,7.854,7.852,7.85,7.708,8.057,7.837,7.802,7.862,7.718,6.084,2.231,4.108,5.87,6.734,7.268,7.404,7.594,7.808,7.743,7.778,7.904,7.772,7.886,7.724,7.901,7.756,7.921,7.691,7.954,7.745,7.979,7.644,7.894,7.703,7.936,7.63,7.898,7.688,7.907,7.713,7.884,7.701,7.808,7.743,7.821,7.714,7.808,7.764,7.828,7.808,7.783,7.833,7.731,7.877,7.736,7.925,7.714,7.957,7.711,7.956,7.731,7.926,7.674,7.928,7.694,7.917,7.666,7.93,7.639,7.869,7.683,7.839,7.737,7.783,7.749,7.797,7.827,7.821,7.821,7.754,7.887,7.756,7.89,7.755,7.859,7.705,7.932,7.734,7.905,7.709,7.929,7.685,7.976,7.716,7.903,7.666,7.864,7.673,7.856,7.718,7.82,7.721,7.833,7.809,7.808,7.833,7.781,7.864,7.752,9.179,12.754,10.885,9.624,9.029,8.581,8.258,8.164,7.879,7.898,8.001,7.878,8.023,7.854,7.664,7.862,7.728,7.98,7.892,7.626,7.936,7.833,7.989,7.796,7.697,7.99,7.806,7.886,7.836,7.691,8.011,7.812,7.833,7.806,7.68,8.005,7.928,7.911,7.902,7.6,7.961,7.889,7.926,7.814,7.718,7.928,7.866,7.816,7.833,7.676,8.101,7.883,7.777,7.916,7.661,7.969,7.824,7.917,7.821,7.657,8.018,7.835,7.77,7.888,7.708,8.015,7.892,7.878,7.883,7.688,7.979,7.861,7.85,7.84,7.636,8.004,7.873,7.836,7.8,7.689,8.057,7.863,7.797,7.819,7.694,8.049,7.84,7.756,7.857,7.697,8.032,7.836,7.726,7.938,7.775,8.024,7.908,7.727,7.965,7.711,8.834,10.244,9.476,8.763,8.386,8.318,8.044,8.033,7.842,7.923,8.039,7.768,8.11,7.886,7.694,8.005,7.798,7.879,7.904,7.747,8.057,7.938,7.784,7.916,7.875,7.889,7.82,7.709,8.003,7.941,7.893,7.904,7.768,7.996,7.859,7.688,7.995,7.783,7.963,7.856,7.688,8.04,7.918,7.727,7.994,7.771,7.961,7.898,7.701,7.986,7.874,7.759,7.944,7.781,7.973,7.839,7.653,7.967,7.911,7.808,7.94,7.791,8.051,7.817,7.659,7.976,7.85,7.837,7.853,7.682,7.988,7.871,7.688,7.976,7.831,7.95,7.904,7.696,8.053,7.911,7.764,7.874,7.785,7.915,7.848,7.733,8.054,7.916,7.674,7.864,7.755,7.99,7.821,7.646,8.008,7.891,7.81,7.914,7.731,8.032,7.885,7.708,7.947,7.905,7.813,7.859,7.792,8.017,7.828,7.727
8.635,0.589,0.44,0.011,0.004,0.007,0.0,0.0,0.001,0.003,0.001,0.0,0.003,0.003,0.0,0.0,0.0,0.0,0.0,0.0,0.0,0.0,0.003,0.006,0.001,0.0,0.001,0.001,0.0,0.0,0.001,0.001,0.005,0.009,0.0,0.0,0.001,0.003,0.0,0.0,0.003,0.001,0.001,0.0,0.0,0.0,0.001,0.003,0.0,0.001,0.004,0.001,0.001,0.0,0.0,0.0,0.0,0.0,0.0,0.0,0.003,0.003,0.007,0.0,0.004,0.001,0.001,0.001,0.0,0.003,0.004,0.004,0.003,0.0,0.003,0.001,0.001,0.001,0.0,0.0,0.003,0.0,0.0,0.0,0.0,0.0,0.0,0.0,0.003,0.004,0.0,0.0,0.001,0.0,12.778,20.13,17.431,15.259,13.453,12.093,10.879,10.158,9.593,9.086,8.774,8.581,8.38,8.239,8.048,8.219,8.009,8.127,8.03,7.849,8.139,7.94,8.055,7.976,7.834,8.076,7.994,7.853,7.989,7.849,8.104,7.969,7.779,8.028,7.926,8.011,7.927,7.798,8.097,7.923,7.821,7.959,7.875,8.065,7.946,7.792,8.068,7.877,7.926,7.984,7.827,8.078,7.915,7.775,8.041,7.875,7.916,7.94,7.771,8.056,7.93,7.728,8.04,7.921,7.953,7.948,7.762,8.059,7.951,7.745,7.946,7.879,7.931,7.898,7.749,8.093,7.926,7.766,8.018,7.854,7.994,7.917,7.729,8.088,7.923,7.753,7.955,7.843,7.98,7.894,7.748,8.049,7.888,7.773,7.978,7.868,5.652,1.501,4.391,5.925,6.61,7.183,7.359,7.888,7.702,7.881,7.856,7.661,7.996,7.814,7.858,7.82,7.641,8.018,7.842,7.686,7.864,7.71,8.018,7.828,7.68,7.942,7.789,7.94,7.845,7.673,7.984,7.793,7.845,7.864,7.706,8.028,7.831,7.69,7.95,7.773,7.988,7.854,7.685,7.966,7.781,7.896,7.839,7.661,7.997,7.861,7.763,7.858,7.718,7.993,7.869,7.705,7.925,7.756,7.954,7.839,7.688,7.933,7.806,7.934,7.835,7.662,7.995,7.831,7.76,7.86,7.723,7.976,7.863,7.727,7.892,7.706,7.992,7.862,7.688,7.923,7.756,7.99,7.854,7.615,7.978,7.8,7.918,7.884,7.693,8.015,7.831,7.848,7.845,7.708,8.026,7.854,7.662,7.868,7.736,8.029,6.086,2.116,4.125,5.981,6.786,7.213,7.481,7.481,7.89,7.662,7.854,7.747,7.973,7.764,7.796,7.793,7.753,7.813,7.733,7.844,7.783,7.884,7.741,7.923,7.732,7.953,7.735,7.969,7.68,7.963,7.674,7.961,7.688,7.883,7.622,7.916,7.711,7.838,7.659,7.892,7.708,7.861,7.735,7.839,7.758,7.806,7.764,7.739,7.89,7.749,7.899,7.743,7.938,7.716,7.923,7.706,7.959,7.693,7.944,7.671,7.965,7.679,7.896,7.674,7.916,7.679,7.857,7.688,7.85,7.699,7.791,7.792,7.825,7.779,7.812,7.862,7.749,7.865,7.827,7.915,7.752,7.928,7.749,7.898,7.75,7.923,7.703,7.943,7.679,7.889,7.666,7.851,7.69,7.853,7.766,7.815,7.76,7.818,7.804,7.801,9.067,12.619,10.86,9.779,8.871,8.644,8.303,8.268,7.863,7.821,7.919,7.768,8.124,7.925,7.773,7.804,7.768,8.085,7.936,7.708,7.944,7.673,8.062,7.828,7.716,7.909,7.687,8.038,7.9,7.738,7.888,7.721,7.959,7.888,7.703,7.965,7.758,8.006,7.891,7.679,7.877,7.727,7.974,7.814,7.724,7.961,7.833,7.973,7.875,7.682,7.928,7.813,8.024,7.828,7.708,7.942,7.791,7.911,7.907,7.68,7.905,7.783,7.91,7.873,7.655,7.972,7.808,7.896,7.874,7.669,7.963,7.867,7.845,7.845,7.655,8.024,7.831,7.838,7.869,7.68,8.03,7.845,7.795,7.882,7.747,8.074,7.802,7.743,7.863,7.69,8.033,7.888,7.722,7.909,7.695,7.965,7.875,7.701,7.966,7.728,8.855,10.221,9.469,8.831,8.406,8.304,8.003,8.244,7.833,7.756,7.939,7.726,8.033,7.874,7.699,8.005,7.827,7.894,7.961,7.741,8.041,7.849,7.774,7.963,7.86,7.969,7.846,7.718,8.055,7.829,7.771,7.939,7.747,7.934,7.839,7.749,8.001,7.914,7.794,7.911,7.764,8.023,7.839,7.668,7.972,7.893,7.798,7.862,7.773,7.995,7.946,7.649,8.003,7.856,7.879,7.888,7.694,8.124,7.848,7.727,8.015,7.739,7.863,7.902,7.733,8.007,7.824,7.705,7.938,7.841,7.943,7.899,7.726,8.018,7.877,7.67,7.881,7.803,7.994,7.906,7.68,8.043,7.873,7.809,7.836,7.783,8.005,7.863,7.72,7.992,7.844,7.848,7.902,7.739,8.048,7.879,7.701,8.003,7.801,7.786,7.863,7.783,8.03,7.854,7.681,8.007,7.865,7.796,7.879,7.737
8.296,1.304,0.843,0.006,0.003,0.003,0.0,0.0,0.0,0.0,0.0,0.0,0.0,0.0,0.001,0.003,0.003,0.003,0.001,0.007,0.001,0.001,0.003,0.0,0.001,0.003,0.001,0.0,0.001,0.005,0.0,0.0,0.0,0.0,0.0,0.001,0.0,0.0,0.004,0.001,0.0,0.0,0.003,0.0,0.0,0.001,0.0,0.003,0.006,0.0,0.0,0.001,0.001,0.0,0.0,0.001,0.0,0.003,0.003,0.0,0.0,0.001,0.001,0.001,0.001,0.001,0.004,0.003,0.005,0.0,0.0,0.0,0.0,0.0,0.0,0.003,0.005,0.003,0.001,0.0,0.001,0.003,0.001,0.001,0.0,0.003,0.004,0.001,0.001,0.001,0.0,0.001,0.0,0.003,12.913,20.271,17.591,15.389,13.517,12.088,10.949,10.127,9.613,9.126,8.796,8.778,8.278,8.239,8.039,8.271,8.061,7.988,8.063,7.836,8.167,7.975,7.879,8.03,7.9,8.108,7.963,7.789,8.089,7.953,7.929,7.952,7.798,8.094,7.939,7.82,8.0,7.865,8.0,7.913,7.817,8.065,7.938,7.866,8.043,7.869,8.024,7.93,7.701,8.03,7.952,7.871,7.996,7.791,8.068,7.936,7.763,8.059,7.884,7.955,7.936,7.817,8.071,7.905,7.739,8.033,7.878,7.908,7.934,7.763,8.094,7.957,7.788,7.968,7.86,7.991,7.927,7.729,8.074,7.914,7.752,8.011,7.898,8.004,7.93,7.746,8.091,7.907,7.806,8.001,7.852,7.984,7.859,7.737,8.065,7.93,5.706,1.294,4.476,5.988,6.66,7.168,7.513,7.628,7.708,7.968,7.844,7.831,7.848,7.698,8.026,7.868,7.75,7.885,7.708,8.012,7.883,7.668,7.831,7.814,7.986,7.879,7.656,7.986,7.825,7.887,7.862,7.694,8.03,7.823,7.77,7.904,7.656,7.999,7.884,7.663,7.927,7.766,7.915,7.868,7.628,7.999,7.833,7.944,7.863,7.68,8.041,7.828,7.753,7.876,7.708,8.031,7.915,7.685,7.908,7.772,8.012,7.846,7.682,7.93,7.77,7.933,7.846,7.656,8.024,7.802,7.784,7.826,7.714,8.014,7.871,7.764,7.91,7.764,7.998,7.869,7.659,7.921,7.775,7.993,7.859,7.659,7.981,7.831,7.917,7.821,7.683,8.015,7.823,7.814,7.816,7.718,8.017,7.867,7.754,7.831,5.92,2.28,4.402,5.873,6.763,7.27,7.364,7.653,7.671,7.792,7.779,7.856,7.775,7.867,7.818,7.863,7.778,7.967,7.732,7.939,7.756,7.97,7.701,7.949,7.664,7.898,7.702,7.884,7.651,7.875,7.669,7.839,7.709,7.849,7.746,7.749,7.761,7.761,7.799,7.791,7.826,7.775,7.954,7.729,7.938,7.708,7.907,7.669,7.949,7.674,7.989,7.684,7.884,7.659,7.89,7.703,7.806,7.749,7.831,7.755,7.824,7.795,7.781,7.803,7.728,7.878,7.733,7.887,7.73,7.896,7.727,7.975,7.736,7.965,7.653,7.928,7.679,7.933,7.666,7.926,7.694,7.911,7.647,7.808,7.711,7.806,7.747,7.821,7.803,7.808,7.871,7.774,7.84,7.758,7.882,7.766,7.966,7.739,7.933,7.699,9.179,12.817,10.831,9.676,9.009,8.677,8.216,7.997,8.026,7.877,7.845,7.726,8.04,7.986,7.833,7.788,7.803,7.953,7.951,7.666,7.818,7.808,8.061,7.804,7.714,7.833,7.71,8.07,7.909,7.746,7.861,7.707,8.059,7.845,7.698,7.981,7.776,8.088,7.911,7.67,7.839,7.799,7.915,7.836,7.729,7.892,7.755,7.995,7.779,7.712,7.944,7.846,7.959,7.854,7.758,7.89,7.783,7.972,7.881,7.67,7.976,7.806,7.833,7.866,7.623,7.944,7.86,7.861,7.845,7.734,7.941,7.866,7.825,7.886,7.732,7.973,7.914,7.674,7.85,7.726,7.988,7.894,7.702,7.889,7.714,8.02,7.881,7.708,7.845,7.701,8.04,7.839,7.697,7.969,7.775,8.009,7.875,7.709,7.934,7.816,8.857,10.238,9.418,8.829,8.401,8.213,7.854,8.195,7.919,7.839,7.891,7.763,8.181,7.986,7.787,7.972,7.795,7.936,7.857,7.691,8.032,7.99,7.806,7.913,7.798,8.04,7.817,7.718,8.078,7.809,7.863,7.854,7.729,8.015,7.817,7.71,7.939,7.877,7.925,7.946,7.679,7.999,7.903,7.801,7.871,7.749,8.014,7.925,7.642,8.011,7.827,7.954,7.804,7.678,8.053,7.913,7.779,7.842,7.846,8.015,7.873,7.638,8.009,7.842,7.804,7.894,7.737,8.056,7.856,7.68,7.992,7.863,7.846,7.881,7.806,8.005,7.834,7.702,8.018,7.856,7.939,7.881,7.718,8.001,7.846,7.719,7.876,7.837,8.014,7.911,7.705,7.994,7.893,7.738,7.903,7.803,7.99,7.881,7.663,8.031,7.871,7.779,7.899,7.693,7.988,7.896,7.716,7.993,7.842,7.819
8.538,0.563,0.382,0.012,0.008,0.0,0.0,0.003,0.0,0.001,0.003,0.003,0.001,0.004,0.006,0.0,0.0,0.003,0.003,0.001,0.001,0.001,0.003,0.0,0.0,0.0,0.0,0.0,0.0,0.0,0.0,0.0,0.003,0.0,0.0,0.001,0.0,0.001,0.0,0.001,0.0,0.001,0.007,0.0,0.0,0.003,0.001,0.0,0.001,0.001,0.003,0.0,0.001,0.0,0.0,0.0,0.0,0.0,0.0,0.0,0.003,0.006,0.0,0.003,0.003,0.003,0.003,0.001,0.003,0.005,0.003,0.006,0.0,0.0,0.001,0.0,0.001,0.0,0.001,0.003,0.0,0.0,0.0,0.0,0.0,0.001,0.001,0.001,0.003,0.006,0.0,0.0,0.0,0.0,5.911,19.999,17.326,15.023,13.148,11.739,10.704,10.014,9.394,8.954,8.795,8.399,8.342,8.143,8.141,7.893,8.186,8.001,8.001,7.98,7.827,8.141,8.005,7.864,8.017,7.853,8.046,7.952,7.764,8.086,7.939,7.978,7.958,7.794,8.113,7.959,7.868,7.948,7.814,8.056,7.928,7.766,8.038,7.923,7.902,7.923,7.787,8.119,7.963,7.81,8.011,7.881,8.024,7.917,7.779,8.08,7.927,7.8,7.963,7.833,7.999,7.887,7.75,8.068,7.909,7.881,7.951,7.793,8.063,7.921,7.768,8.021,7.881,7.934,7.898,7.759,8.057,7.919,7.772,7.928,7.874,7.95,7.902,7.751,8.071,7.925,7.778,7.949,7.837,7.978,7.896,7.748,8.066,7.919,7.781,7.94,5.492,1.346,4.628,6.018,6.933,7.276,7.735,7.705,7.986,7.835,7.707,7.91,7.854,7.94,7.808,7.661,7.988,7.814,7.823,7.868,7.691,8.03,7.861,7.739,7.883,7.746,8.037,7.879,7.694,7.944,7.762,7.961,7.821,7.651,7.98,7.825,7.839,7.9,7.678,8.031,7.886,7.756,7.881,7.743,8.003,7.864,7.665,7.905,7.753,8.033,7.891,7.657,7.961,7.773,7.934,7.836,7.668,7.994,7.866,7.867,7.845,7.691,8.012,7.827,7.739,7.858,7.758,7.989,7.887,7.758,7.921,7.804,7.955,7.863,7.702,7.947,7.828,7.925,7.827,7.671,8.005,7.825,7.779,7.868,7.733,8.066,7.896,7.723,7.907,7.741,8.024,7.827,7.658,7.928,7.752,7.97,7.856,7.691,7.958,7.792,6.266,2.345,4.341,5.881,6.76,7.159,7.506,7.827,7.806,7.839,7.781,7.907,7.797,7.927,7.795,7.911,7.713,7.911,7.701,7.967,7.701,7.944,7.649,7.968,7.672,7.904,7.668,7.907,7.694,7.864,7.713,7.788,7.653,7.786,7.755,7.862,7.741,7.817,7.802,7.756,7.859,7.8,7.868,7.752,7.938,7.75,7.891,7.718,7.947,7.68,7.924,7.679,7.902,7.655,7.854,7.691,7.892,7.737,7.846,7.732,7.868,7.763,7.808,7.792,7.755,7.848,7.821,7.892,7.768,7.856,7.764,7.973,7.693,7.986,7.689,7.917,7.694,7.938,7.663,7.904,7.743,7.853,7.693,7.802,7.73,7.82,7.779,7.779,7.82,7.781,7.887,7.737,7.905,7.741,7.902,7.723,7.913,7.682,7.907,7.676,9.042,12.653,10.843,9.647,8.964,8.478,8.201,8.172,8.014,7.756,8.006,7.842,8.056,7.882,7.695,7.919,7.754,7.993,7.865,7.666,7.948,7.769,7.94,7.806,7.64,7.934,7.826,7.904,7.513,7.649,7.869,7.914,7.89,7.914,7.726,8.016,7.939,7.785,7.894,7.739,7.951,7.819,7.705,7.921,7.751,8.022,7.748,7.668,7.978,7.785,7.991,7.857,7.68,7.986,7.784,7.889,7.718,7.658,7.995,7.826,7.975,7.808,7.688,8.006,7.839,7.882,7.817,7.705,8.003,7.815,7.851,7.868,7.702,8.036,7.833,7.789,7.889,7.711,8.018,7.857,7.752,7.864,7.722,8.007,7.823,7.679,7.859,7.664,8.015,7.907,7.708,7.951,7.728,7.951,7.826,7.643,7.979,7.806,7.923,7.846,8.459,10.19,9.419,8.949,8.238,8.376,8.08,8.091,7.921,7.643,8.126,7.934,7.838,7.932,7.734,7.992,7.932,7.726,7.959,7.772,7.878,7.9,7.653,8.108,7.904,7.713,7.938,7.829,7.988,7.904,7.718,7.958,7.836,7.781,7.911,7.778,7.936,7.853,7.62,7.966,7.856,7.801,7.917,7.756,7.979,7.881,7.727,7.969,7.791,7.826,7.818,7.778,7.961,7.904,7.672,7.989,7.84,7.959,7.859,7.691,8.013,7.869,7.76,7.926,7.781,8.009,7.853,7.697,7.994,7.869,7.796,7.848,7.768,8.036,7.869,7.66,7.951,7.861,7.904,7.878,7.733,8.037,7.849,7.693,7.924,7.864,7.881,7.888,7.716,8.031,7.888,7.676,7.963,7.804,7.923,7.793,7.716,8.059,7.885,7.758,7.963,7.773,7.817,7.852,7.693,8.076,7.886,7.726,7.899,7.785
8.434,0.608,0.449,0.004,0.0,0.004,0.001,0.0,0.001,0.003,0.003,0.0,0.006,0.0,0.0,0.003,0.003,0.0,0.001,0.001,0.001,0.001,0.001,0.0,0.0,0.003,0.001,0.0,0.0,0.001,0.001,0.0,0.0,0.0,0.0,0.0,0.0,0.001,0.0,0.003,0.006,0.0,0.0,0.001,0.003,0.001,0.001,0.001,0.003,0.003,0.0,0.0,0.0,0.003,0.004,0.0,0.0,0.001,0.004,0.0,0.0,0.0,0.0,0.0,0.005,0.0,0.0,0.003,0.007,0.0,0.0,0.003,0.0,0.001,0.001,0.003,0.003,0.0,0.001,0.0,0.0,0.003,0.001,0.0,0.0,0.0,0.001,0.001,0.0,0.0,0.001,0.001,0.0,0.003,11.55,20.181,17.304,15.004,13.213,11.818,10.674,9.973,9.429,8.891,8.718,8.487,8.441,8.211,8.172,8.033,7.896,8.163,8.014,8.006,7.936,7.812,8.105,7.969,7.926,7.972,7.82,8.118,7.951,7.827,7.963,7.906,8.066,7.943,7.77,8.083,7.905,7.873,7.944,7.837,8.087,7.924,7.734,8.039,7.928,7.955,7.934,7.783,8.083,7.926,7.81,7.981,7.815,8.014,7.918,7.756,8.047,7.944,7.878,7.933,7.803,8.082,7.944,7.751,8.018,7.9,7.932,7.899,7.758,8.053,7.896,7.794,7.979,7.857,7.973,7.874,7.755,8.065,7.921,7.77,8.003,7.836,7.971,7.894,7.741,8.073,7.927,7.758,7.924,7.844,8.001,7.892,7.728,8.078,7.913,7.766,5.598,1.22,4.492,6.01,7.013,7.211,7.716,7.649,7.791,7.833,7.663,8.022,7.846,7.842,7.878,7.695,8.006,7.869,7.793,7.896,7.741,7.961,7.842,7.684,7.938,7.794,7.904,7.86,7.642,8.017,7.841,7.769,7.866,7.774,7.97,7.867,7.713,7.921,7.764,7.95,7.808,7.636,7.948,7.777,7.884,7.853,7.633,7.995,7.835,7.816,7.853,7.691,8.036,7.848,7.704,7.857,7.726,7.963,7.839,7.68,7.913,7.739,7.929,7.801,7.66,7.979,7.836,7.896,7.842,7.683,7.998,7.856,7.834,7.891,7.73,8.013,7.841,7.684,7.853,7.766,7.984,7.841,7.684,7.911,7.779,7.964,7.894,7.666,7.941,7.781,7.963,7.84,7.622,8.013,7.794,7.854,7.821,7.697,7.98,7.817,6.273,2.344,4.356,5.849,6.793,7.293,7.373,7.797,7.879,7.705,7.808,7.821,7.871,7.755,7.792,7.862,7.779,7.901,7.682,7.901,7.684,7.946,7.693,7.979,7.674,7.955,7.655,7.934,7.661,7.86,7.661,7.879,7.691,7.849,7.66,7.831,7.689,7.802,7.77,7.743,7.821,7.813,7.839,7.764,7.85,7.752,7.892,7.72,7.915,7.721,7.95,7.666,7.905,7.665,7.947,7.67,7.858,7.644,7.876,7.676,7.856,7.698,7.783,7.738,7.817,7.795,7.739,7.821,7.756,7.853,7.701,7.918,7.751,7.907,7.686,7.938,7.693,7.9,7.687,7.919,7.676,7.857,7.697,7.887,7.651,7.844,7.716,7.81,7.739,7.808,7.778,7.785,7.829,7.763,7.866,7.723,7.896,7.716,7.954,7.753,9.239,12.709,10.759,9.591,8.906,8.547,8.105,8.128,8.007,7.823,7.955,7.783,8.059,7.919,7.756,7.927,7.756,8.008,7.853,7.696,7.668,7.673,8.034,7.928,7.741,7.942,7.526,7.721,7.946,7.714,7.921,7.766,7.919,7.925,7.666,7.966,7.838,7.994,7.913,7.636,7.944,7.84,8.013,7.736,7.722,7.993,7.797,7.936,7.859,7.678,8.006,7.829,7.802,7.862,7.709,8.016,7.871,7.833,7.837,7.681,8.004,7.848,7.821,7.863,7.69,8.009,7.86,7.792,7.841,7.719,7.884,7.866,7.735,7.81,7.672,8.061,7.808,7.721,7.913,7.747,8.021,7.869,7.714,7.904,7.733,8.001,7.844,7.688,7.934,7.733,7.899,7.85,7.674,7.91,7.784,7.951,7.853,7.743,7.936,7.77,8.788,10.213,9.459,8.813,8.349,8.261,7.916,8.176,7.932,8.017,7.919,7.76,8.036,7.854,7.747,7.852,7.728,8.04,7.888,7.632,8.039,7.842,7.876,7.839,7.642,8.021,7.869,7.728,7.989,7.843,8.024,7.878,7.735,8.045,7.854,7.781,7.826,7.674,7.965,7.853,7.71,8.005,7.908,7.863,7.884,7.72,8.033,7.891,7.759,7.981,7.751,7.934,7.881,7.684,7.997,7.894,7.743,7.835,7.792,7.981,7.86,7.708,8.029,7.878,7.768,7.866,7.686,8.053,7.845,7.741,7.973,7.829,7.938,7.843,7.703,8.011,7.902,7.708,7.907,7.788,7.966,7.86,7.67,8.03,7.869,7.799,7.873,7.737,7.914,7.853,7.699,7.936,7.881,7.879,7.889,7.67,8.015,7.778,7.719,7.984,7.853,7.825,7.863,7.727,8.041,7.876,7.748,7.913,7.826,7.932
8.158,0.7,0.566,0.008,0.0,0.0,0.003,0.0,0.001,0.0,0.003,0.004,0.001,0.0,0.0,0.0,0.001,0.001,0.0,0.0,0.001,0.005,0.0,0.0,0.001,0.003,0.001,0.003,0.005,0.003,0.001,0.0,0.0,0.0,0.0,0.001,0.0,0.0,0.003,0.005,0.0,0.0,0.0,0.0,0.0,0.0,0.0,0.0,0.001,0.003,0.0,0.0,0.003,0.0,0.001,0.005,0.003,0.003,0.005,0.001,0.0,0.0,0.003,0.0,0.001,0.001,0.003,0.004,0.003,0.001,0.0,0.0,0.004,0.003,0.001,0.0,0.003,0.001,0.003,0.0,0.0,0.0,0.0,0.0,0.0,0.0,0.001,0.001,0.0,0.0,0.0,0.003,0.003,0.001,1.863,20.479,17.472,14.956,13.073,11.538,10.543,9.789,9.218,8.843,8.572,8.428,8.133,8.282,8.073,7.984,8.028,7.876,8.137,7.989,7.836,8.026,7.869,8.084,7.925,7.772,8.093,7.929,7.904,7.963,7.814,8.072,7.974,7.796,8.014,7.881,7.97,7.954,7.783,8.087,7.942,7.831,7.99,7.845,8.024,7.921,7.768,8.098,7.932,7.848,7.926,7.82,8.059,7.928,7.766,8.053,7.932,7.881,7.931,7.806,8.08,7.898,7.719,8.038,7.908,7.858,7.942,7.781,8.051,7.923,7.747,8.066,7.882,7.861,7.942,7.781,8.049,7.906,7.752,8.044,7.901,7.881,7.947,7.815,8.022,7.878,7.724,8.026,7.894,7.828,7.946,7.806,8.034,7.889,7.728,8.079,5.793,1.563,4.806,6.099,6.958,7.33,7.703,7.601,7.958,7.852,7.809,7.839,7.704,8.011,7.903,7.735,7.938,7.801,7.993,7.865,7.648,7.989,7.776,7.784,7.861,7.684,7.976,7.829,7.691,7.908,7.817,7.934,7.809,7.646,8.017,7.923,7.81,7.781,7.666,8.043,7.873,7.68,7.943,7.857,7.984,7.796,7.666,8.029,7.798,7.783,7.806,7.678,8.011,7.878,7.761,7.918,7.73,7.924,7.795,7.691,8.047,7.785,7.773,7.856,7.762,8.001,7.913,7.768,7.913,7.728,8.046,7.817,7.649,7.928,7.785,7.948,7.819,7.676,7.974,7.8,7.839,7.933,7.673,8.023,7.903,7.734,7.875,7.755,8.011,7.884,7.657,7.903,7.801,7.93,7.884,7.68,7.973,7.848,7.848,7.868,6.018,2.496,4.554,6.033,6.914,7.423,7.59,7.749,7.812,7.854,7.801,7.862,7.824,7.84,7.774,7.881,7.737,7.928,7.775,7.871,7.748,7.984,7.68,7.961,7.682,7.898,7.643,7.853,7.653,7.923,7.665,7.894,7.73,7.894,7.702,7.828,7.761,7.821,7.759,7.821,7.818,7.764,7.849,7.754,7.86,7.777,7.883,7.733,7.916,7.726,7.948,7.722,7.931,7.679,7.901,7.659,7.959,7.689,7.936,7.672,7.919,7.643,7.809,7.716,7.876,7.704,7.794,7.756,7.818,7.749,7.804,7.786,7.789,7.881,7.787,7.878,7.76,7.906,7.709,7.959,7.707,7.925,7.723,7.944,7.699,7.928,7.661,7.902,7.704,7.939,7.676,7.863,7.684,7.842,7.685,7.821,7.763,7.779,7.804,7.829,8.86,12.629,10.654,9.561,8.843,8.496,7.951,8.068,7.891,7.737,7.947,7.754,7.991,7.884,7.654,7.943,7.778,7.947,7.883,7.657,7.986,7.772,7.903,7.835,7.674,7.998,7.792,7.858,7.827,7.691,8.066,7.881,7.823,7.913,7.664,8.0,7.831,7.749,7.899,7.716,8.043,7.848,7.691,7.95,7.75,7.989,7.885,7.738,7.959,7.762,7.986,7.825,7.644,7.973,7.804,7.899,7.828,7.66,8.083,7.842,7.789,7.808,7.662,8.008,7.829,7.779,7.865,7.699,8.009,7.869,7.678,7.893,7.743,8.122,7.864,7.703,7.896,7.744,7.979,7.84,7.655,8.009,7.787,7.873,7.866,7.708,7.988,7.876,7.815,7.829,7.685,8.032,7.815,7.643,7.761,7.719,7.994,7.875,7.751,7.925,8.603,10.092,9.453,8.698,8.327,8.003,8.189,7.999,8.013,7.916,7.784,8.061,7.91,7.753,7.961,7.819,7.952,7.894,7.706,8.022,7.866,7.735,7.903,7.803,7.989,7.867,7.706,8.019,7.892,7.785,7.875,7.749,8.006,7.858,7.696,8.006,7.849,7.838,7.868,7.729,8.003,7.868,7.687,7.988,7.835,7.885,7.861,7.733,8.011,7.863,7.701,7.936,7.816,7.932,7.866,7.701,8.041,7.871,7.747,7.933,7.821,7.923,7.84,7.689,7.939,7.834,7.719,7.948,7.829,7.919,7.863,7.718,8.02,7.794,7.745,7.929,7.797,7.954,7.859,7.691,8.029,7.846,7.713,7.934,7.801,7.961,7.863,7.695,8.026,7.857,7.755,7.929,7.764,7.969,7.861,7.699,8.008,7.863,7.732,7.879,7.795,7.979,7.858,7.664,8.016,7.876,7.789,7.876,7.724,7.965
8.451,0.845,0.732,0.008,0.001,0.0,0.001,0.0,0.0,0.001,0.0,0.0,0.001,0.001,0.001,0.001,0.001,0.009,0.0,0.003,0.001,0.0,0.003,0.0,0.001,0.0,0.004,0.003,0.0,0.0,0.0,0.001,0.0,0.0,0.0,0.001,0.0,0.0,0.0,0.0,0.001,0.003,0.003,0.001,0.003,0.007,0.0,0.0,0.0,0.0,0.001,0.0,0.001,0.001,0.003,0.007,0.0,0.001,0.003,0.001,0.003,0.0,0.0,0.001,0.003,0.008,0.001,0.0,0.0,0.0,0.0,0.0,0.0,0.0,0.001,0.0,0.0,0.0,0.0,0.003,0.003,0.0,0.001,0.001,0.004,0.003,0.0,0.003,0.001,0.001,0.001,0.0,0.0,0.0,0.599,20.479,17.656,15.081,13.188,11.616,10.502,9.826,9.229,8.84,8.761,8.424,8.138,8.269,8.093,7.893,8.11,7.93,8.085,7.961,7.804,8.108,7.972,7.924,7.981,7.833,8.108,7.978,7.789,8.039,7.925,7.995,7.915,7.759,8.108,7.936,7.828,7.978,7.866,8.057,7.928,7.755,8.087,7.93,7.898,7.933,7.815,8.057,7.936,7.768,8.026,7.865,7.949,7.944,7.758,8.066,7.921,7.778,8.001,7.891,7.918,7.874,7.763,8.059,7.894,7.762,8.022,7.882,7.963,7.907,7.773,8.066,7.913,7.783,8.014,7.864,7.933,7.918,7.744,8.064,7.9,7.735,8.028,7.886,7.965,7.907,7.777,8.059,7.892,7.734,8.026,7.877,7.888,7.883,7.768,8.041,5.458,1.491,4.806,6.151,6.96,7.337,7.719,7.623,7.95,7.859,7.837,7.967,7.806,8.039,7.839,7.719,7.913,7.791,7.928,7.881,7.724,8.022,7.864,7.826,7.867,7.684,7.901,7.784,7.659,7.975,7.737,7.963,7.881,7.674,7.959,7.751,7.836,7.823,7.705,8.011,7.871,7.727,7.848,7.733,8.043,7.89,7.661,7.938,7.837,7.852,7.836,7.699,8.039,7.833,7.816,7.834,7.691,8.059,7.831,7.714,7.865,7.723,7.976,7.887,7.777,7.908,7.756,7.928,7.849,7.71,7.949,7.791,7.851,7.812,7.756,8.023,7.856,7.739,7.881,7.668,8.039,7.833,7.662,7.902,7.818,7.913,7.817,7.691,8.003,7.808,7.877,7.825,7.694,8.005,7.81,7.812,7.797,7.726,8.073,7.874,6.178,2.46,4.549,5.994,6.92,7.45,7.632,7.72,7.869,7.8,7.817,7.798,7.773,7.818,7.795,7.81,7.762,7.859,7.704,7.917,7.744,7.927,7.737,7.932,7.718,7.918,7.676,7.969,7.716,7.946,7.658,7.875,7.651,7.928,7.668,7.862,7.727,7.878,7.687,7.804,7.75,7.812,7.764,7.77,7.82,7.75,7.881,7.754,7.919,7.751,7.896,7.734,7.906,7.68,7.911,7.702,7.969,7.714,7.949,7.683,7.933,7.658,7.888,7.684,7.848,7.702,7.853,7.716,7.831,7.733,7.816,7.771,7.77,7.795,7.777,7.885,7.747,7.911,7.768,7.896,7.72,7.906,7.674,7.958,7.722,7.996,7.684,7.944,7.67,7.965,7.674,7.936,7.678,7.907,7.674,7.907,7.654,7.865,7.696,7.827,8.839,12.519,10.743,9.571,8.82,8.666,7.802,7.887,7.996,7.772,7.993,7.839,7.801,7.846,7.718,8.017,7.901,7.811,7.871,7.764,7.98,7.816,7.727,7.789,7.685,8.023,7.871,7.698,7.887,7.732,7.98,7.854,7.683,7.915,7.769,7.978,7.849,7.654,7.944,7.849,7.928,7.85,7.674,8.011,7.845,7.798,7.846,7.695,8.059,7.911,7.844,7.808,7.693,7.975,7.843,7.702,7.905,7.73,7.996,7.867,7.683,7.918,7.753,7.961,7.851,7.62,8.001,7.786,7.924,7.853,7.678,7.972,7.844,7.869,7.831,7.668,8.084,7.817,7.816,7.804,7.666,7.986,7.856,7.761,7.867,7.728,7.99,7.867,7.703,7.874,7.775,7.941,7.871,7.624,7.95,7.804,7.882,7.818,7.646,7.968,8.654,10.083,9.388,8.823,8.286,8.158,8.059,7.835,8.127,7.953,7.862,7.903,7.764,8.015,7.873,7.688,8.001,7.858,7.837,7.865,7.718,8.036,7.871,7.684,7.995,7.849,7.873,7.86,7.691,8.048,7.873,7.713,7.946,7.82,7.95,7.838,7.682,8.014,7.875,7.739,7.788,7.785,7.984,7.873,7.689,8.017,7.885,7.827,7.873,7.747,8.024,7.851,7.693,8.009,7.846,7.802,7.869,7.738,8.031,7.851,7.684,7.994,7.863,7.833,7.846,7.716,8.034,7.873,7.698,7.969,7.823,7.883,7.85,7.72,8.017,7.874,7.699,7.964,7.826,7.906,7.839,7.701,8.018,7.863,7.727,7.959,7.784,7.885,7.838,7.705,8.026,7.888,7.716,7.925,7.786,7.973,7.818,7.673,8.028,7.903,7.716,7.918,7.796,7.934,7.848,7.684,8.022,7.841,7.705,7.925
8.173,1.024,0.834,0.009,0.0,0.001,0.0,0.003,0.001,0.0,0.001,0.001,0.004,0.0,0.0,0.004,0.001,0.0,0.001,0.0,0.0,0.0,0.003,0.0,0.0,0.0,0.0,0.0,0.003,0.0,0.001,0.001,0.003,0.0,0.0,0.003,0.0,0.003,0.0,0.001,0.003,0.003,0.0,0.0,0.0,0.0,0.0,0.0,0.0,0.0,0.004,0.008,0.0,0.0,0.003,0.0,0.0,0.0,0.0,0.001,0.0,0.003,0.0,0.0,0.0,0.0,0.0,0.0,0.0,0.001,0.004,0.0,0.0,0.003,0.0,0.003,0.001,0.0,0.001,0.001,0.008,0.0,0.0,0.001,0.0,0.0,0.0,0.0,0.001,0.0,0.0,0.0,0.0,0.0,1.206,20.228,16.984,14.386,12.396,10.904,10.014,9.386,8.906,8.818,8.435,8.179,8.131,8.079,7.917,8.199,8.003,7.871,8.06,7.91,8.006,7.997,7.838,8.127,7.953,7.804,8.086,7.944,7.938,8.001,7.817,8.113,7.961,7.794,8.078,7.939,7.907,8.034,7.866,8.043,7.921,7.793,8.118,7.961,7.783,8.011,7.928,7.936,7.921,7.815,8.064,7.938,7.784,8.088,7.923,7.797,8.016,7.876,7.968,7.924,7.776,8.101,7.955,7.758,8.082,7.943,7.871,7.981,7.861,7.978,7.894,7.796,8.065,7.942,7.745,8.086,7.936,7.812,8.026,7.85,7.919,7.941,7.815,8.017,7.896,7.773,8.073,7.925,7.752,8.028,7.869,7.867,7.967,7.84,7.984,7.921,5.404,1.856,5.236,6.38,7.173,7.488,7.965,7.721,7.982,7.848,7.69,8.001,7.841,7.851,7.865,7.752,8.03,7.91,7.707,7.988,7.821,7.799,7.871,7.738,7.984,7.846,7.691,8.016,7.893,7.834,7.874,7.722,8.003,7.816,7.686,7.941,7.868,7.871,7.906,7.732,8.014,7.885,7.701,7.943,7.84,7.849,7.869,7.743,8.036,7.861,7.707,7.951,7.813,7.883,7.792,7.718,8.055,7.873,7.713,7.953,7.795,7.93,7.85,7.704,8.034,7.868,7.68,7.957,7.802,7.939,7.835,7.686,8.028,7.875,7.741,7.914,7.797,7.953,7.863,7.664,8.041,7.868,7.747,7.883,7.758,8.015,7.881,7.699,7.978,7.828,7.792,7.881,7.724,8.024,7.84,7.695,7.971,7.798,7.852,7.799,6.31,2.889,4.648,6.114,7.189,7.527,7.835,7.632,7.826,7.668,8.011,7.768,7.973,7.737,7.93,7.619,7.913,7.659,7.848,7.673,7.921,7.724,7.876,7.644,7.905,7.709,7.907,7.656,7.909,7.64,7.837,7.702,7.926,7.668,7.874,7.696,7.907,7.636,7.906,7.66,7.885,7.648,7.902,7.672,7.91,7.716,7.894,7.693,7.839,7.732,7.871,7.701,7.853,7.695,7.833,7.668,7.869,7.676,7.853,7.699,7.783,7.713,7.894,7.711,7.859,7.687,7.824,7.701,7.808,7.729,7.831,7.756,7.833,7.714,7.869,7.729,7.789,7.76,7.814,7.73,7.796,7.756,7.833,7.731,7.891,7.771,7.817,7.691,7.852,7.774,7.755,7.743,7.804,7.748,7.813,7.772,7.797,7.764,7.799,7.802,8.78,12.416,10.538,9.431,8.706,8.346,7.972,8.129,7.942,7.758,7.993,7.821,7.906,7.873,7.548,7.946,7.823,7.799,7.938,7.749,8.001,7.907,7.749,7.986,7.825,7.862,7.837,7.682,7.963,7.878,7.648,7.85,7.839,8.062,7.944,7.621,7.976,7.798,7.888,7.923,7.768,8.059,7.841,7.674,7.904,7.839,7.984,7.899,7.747,8.026,7.865,7.746,7.746,7.777,8.049,7.859,7.703,7.989,7.823,7.925,7.859,7.676,8.028,7.856,7.708,7.888,7.786,8.006,7.894,7.661,7.923,7.881,7.857,7.828,7.769,8.062,7.869,7.746,7.902,7.768,7.957,7.849,7.681,8.004,7.871,7.829,7.911,7.774,8.032,7.854,7.722,7.988,7.85,7.904,7.873,7.72,8.004,7.81,7.695,7.94,8.554,9.821,9.363,8.554,8.541,8.074,7.964,7.971,7.824,8.023,7.891,7.808,8.076,7.879,7.845,7.958,7.876,7.884,7.843,7.747,8.059,7.9,7.726,8.036,7.869,7.829,7.936,7.787,7.982,7.869,7.777,8.076,7.84,7.672,7.961,7.866,7.854,7.944,7.775,7.969,7.863,7.718,8.062,7.846,7.647,7.978,7.886,7.821,7.892,7.773,7.988,7.845,7.756,8.039,7.888,7.75,7.968,7.848,7.816,7.863,7.781,8.017,7.874,7.733,8.016,7.904,7.701,8.005,7.84,7.886,7.903,7.723,7.991,7.861,7.674,8.024,7.921,7.749,7.923,7.791,7.966,7.836,7.733,8.049,7.856,7.701,8.028,7.852,7.731,7.93,7.783,7.951,7.845,7.724,8.019,7.893,7.699,8.039,7.888,7.763,7.904,7.777,7.938,7.841,7.741,8.004,7.869,7.719,8.003,7.874
8.263,1.174,0.929,0.003,0.001,0.001,0.0,0.001,0.004,0.0,0.0,0.001,0.0,0.003,0.003,0.001,0.001,0.009,0.0,0.0,0.0,0.0,0.0,0.0,0.0,0.0,0.004,0.008,0.0,0.0,0.003,0.0,0.0,0.001,0.0,0.001,0.003,0.003,0.0,0.0,0.001,0.0,0.0,0.0,0.0,0.0,0.003,0.0,0.001,0.0,0.0,0.003,0.003,0.001,0.003,0.005,0.003,0.0,0.001,0.0,0.001,0.003,0.001,0.001,0.004,0.0,0.0,0.0,0.0,0.0,0.0,0.0,0.0,0.003,0.008,0.001,0.001,0.001,0.001,0.001,0.001,0.001,0.0,0.004,0.006,0.0,0.0,0.003,0.001,0.0,0.0,0.001,0.001,0.0,4.236,20.059,16.948,14.272,12.341,10.948,10.014,9.358,8.835,8.731,8.344,8.221,7.972,8.231,8.074,7.961,8.028,7.904,8.104,7.969,7.833,8.134,7.943,7.905,8.006,7.856,8.093,7.999,7.861,8.154,7.981,7.857,7.996,7.845,8.032,7.95,7.806,8.086,7.946,7.786,8.093,7.938,7.923,7.961,7.831,8.059,7.911,7.786,8.136,7.951,7.8,8.016,7.904,7.944,7.948,7.81,8.082,7.972,7.775,8.089,7.921,7.828,8.041,7.856,7.942,7.921,7.816,8.078,7.906,7.728,8.063,7.946,7.84,8.016,7.869,7.913,7.901,7.791,8.084,7.934,7.768,8.111,7.913,7.791,8.003,7.908,7.846,7.976,7.82,8.014,7.928,7.751,8.053,7.893,7.756,8.034,5.834,1.898,5.166,6.364,7.243,7.436,7.941,7.788,8.013,7.846,7.69,8.039,7.889,7.747,7.869,7.685,7.904,7.887,7.724,8.038,7.854,7.661,7.829,7.819,7.975,7.854,7.574,8.034,7.869,7.741,7.904,7.766,8.004,7.84,7.615,7.99,7.802,7.743,7.899,7.77,7.986,7.871,7.713,8.021,7.853,7.768,7.857,7.734,8.024,7.904,7.653,8.024,7.823,7.783,7.868,7.737,7.999,7.878,7.678,7.998,7.707,7.756,7.953,7.741,8.009,7.869,7.69,8.001,7.859,7.813,7.894,7.741,7.976,7.863,7.697,7.993,7.856,7.791,7.883,7.632,8.041,7.896,7.718,7.991,7.817,7.879,7.779,7.708,8.004,7.871,7.71,7.942,7.783,7.941,7.856,7.69,8.033,7.862,7.77,7.862,6.341,2.959,4.753,6.172,7.333,7.398,7.712,7.659,7.925,7.636,7.881,7.72,7.967,7.693,7.944,7.718,7.942,7.609,7.865,7.658,7.921,7.678,7.894,7.696,7.917,7.678,7.911,7.673,7.905,7.684,7.901,7.707,7.898,7.708,7.833,7.653,7.849,7.666,7.896,7.669,7.873,7.687,7.831,7.749,7.857,7.649,7.904,7.702,7.881,7.712,7.811,7.691,7.896,7.72,7.866,7.687,7.911,7.688,7.829,7.676,7.846,7.722,7.862,7.739,7.842,7.674,7.825,7.678,7.829,7.743,7.845,7.708,7.831,7.763,7.839,7.798,7.783,7.75,7.821,7.764,7.8,7.718,7.81,7.783,7.799,7.763,7.809,7.756,7.845,7.762,7.772,7.771,7.838,7.736,7.837,7.752,7.785,7.829,7.833,7.81,8.753,12.42,10.491,9.454,8.533,8.457,7.992,8.07,7.903,7.691,7.983,7.824,7.891,7.8,7.737,8.084,7.902,7.703,7.932,7.653,7.794,7.741,7.773,8.114,7.896,7.859,7.841,7.751,7.927,7.819,7.745,7.953,7.766,7.909,7.851,7.641,7.954,7.848,7.766,7.921,7.828,7.929,7.823,7.729,8.058,7.845,7.85,7.863,7.609,7.972,7.849,7.724,8.046,7.823,8.046,7.917,7.594,8.007,7.777,7.899,7.856,7.746,8.014,7.869,7.703,7.964,7.853,7.951,7.863,7.686,8.015,7.919,7.826,7.919,7.741,8.015,7.85,7.688,8.028,7.849,7.823,7.881,7.726,8.044,7.854,7.716,7.996,7.772,7.925,7.798,7.722,8.047,7.914,7.749,7.863,7.739,8.033,7.856,7.689,8.017,8.558,9.909,9.318,8.629,8.353,7.879,8.21,7.975,7.846,7.975,7.837,8.001,7.894,7.718,8.074,7.906,7.726,7.971,7.823,7.876,7.889,7.795,8.019,7.911,7.718,8.034,7.883,7.766,7.914,7.831,7.946,7.896,7.741,7.99,7.839,7.751,8.003,7.882,7.785,7.916,7.828,7.913,7.846,7.736,8.043,7.888,7.712,8.041,7.868,7.834,7.949,7.787,7.943,7.908,7.702,8.049,7.903,7.738,8.011,7.829,7.823,7.936,7.764,7.986,7.9,7.674,8.079,7.934,7.701,7.948,7.817,7.879,7.865,7.77,8.008,7.887,7.678,8.022,7.906,7.749,7.949,7.818,7.903,7.896,7.72,7.996,7.928,7.693,8.031,7.892,7.766,7.921,7.779,7.934,7.879,7.719,8.026,7.886,7.666,8.018,7.888,7.804,7.879,7.771,8.038,7.833,7.729,8.07,7.873,7.744
8.236,0.731,0.64,0.007,0.007,0.0,0.0,0.001,0.0,0.003,0.003,0.0,0.0,0.005,0.008,0.0,0.001,0.003,0.0,0.003,0.001,0.003,0.003,0.003,0.0,0.0,0.0,0.001,0.0,0.0,0.0,0.001,0.003,0.004,0.0,0.003,0.001,0.003,0.0,0.001,0.001,0.001,0.005,0.003,0.0,0.0,0.001,0.001,0.001,0.0,0.0,0.0,0.0,0.0,0.0,0.0,0.001,0.0,0.0,0.003,0.003,0.007,0.0,0.001,0.001,0.0,0.001,0.001,0.003,0.0,0.0,0.005,0.001,0.0,0.0,0.0,0.0,0.0,0.0,0.003,0.003,0.001,0.001,0.0,0.004,0.004,0.0,0.001,0.0,0.003,0.003,0.0,0.0,0.0,1.909,20.359,17.176,14.52,12.466,11.043,10.102,9.367,8.918,8.75,8.438,8.198,8.049,8.149,7.966,8.12,7.973,7.8,8.111,8.014,7.892,8.034,7.887,8.032,7.98,7.803,8.072,7.984,7.785,8.046,7.942,7.966,7.949,7.831,8.129,7.978,7.796,8.059,7.954,7.908,7.924,7.842,8.068,7.905,7.771,8.08,7.939,7.848,8.063,7.869,7.989,7.911,7.755,8.101,7.946,7.745,8.074,7.902,7.828,7.972,7.828,8.017,7.921,7.746,8.086,7.942,7.776,8.0,7.944,7.871,7.936,7.798,7.988,7.947,7.758,8.064,7.919,7.744,8.051,7.961,7.82,7.998,7.844,7.965,7.921,7.772,8.068,7.89,7.744,8.037,7.947,7.756,7.998,7.863,7.934,7.934,5.628,1.726,5.131,6.316,7.274,7.559,7.998,7.865,8.016,7.866,7.726,8.011,7.843,7.756,7.89,7.778,7.981,7.859,7.67,8.005,7.841,7.754,7.845,7.794,7.963,7.8,7.709,7.939,7.791,7.714,7.982,7.816,7.923,7.887,7.713,8.056,7.89,7.711,7.902,7.803,7.936,7.835,7.706,8.039,7.857,7.76,7.9,7.739,7.982,7.844,7.682,8.009,7.846,7.763,7.848,7.734,8.033,7.878,7.684,7.911,7.833,7.861,7.852,7.723,8.044,7.875,7.702,7.942,7.795,7.896,7.804,7.66,8.024,7.886,7.768,7.918,7.758,7.988,7.821,7.674,7.998,7.862,7.716,7.804,7.748,8.036,7.885,7.696,7.99,7.827,7.833,7.871,7.694,8.024,7.831,7.666,7.984,7.795,7.906,7.844,6.274,2.831,4.666,6.256,7.229,7.449,7.743,7.72,7.875,7.752,7.971,7.661,7.949,7.732,7.97,7.678,7.91,7.644,7.938,7.689,7.934,7.646,7.901,7.653,7.856,7.613,7.863,7.696,7.932,7.636,7.931,7.698,7.889,7.671,7.882,7.659,7.911,7.724,7.859,7.702,7.892,7.646,7.851,7.709,7.924,7.648,7.848,7.666,7.848,7.69,7.888,7.691,7.878,7.668,7.829,7.736,7.864,7.756,7.818,7.699,7.786,7.728,7.839,7.718,7.845,7.755,7.85,7.752,7.814,7.745,7.808,7.768,7.761,7.839,7.818,7.808,7.793,7.791,7.788,7.834,7.815,7.775,7.798,7.802,7.813,7.861,7.728,7.867,7.789,7.877,7.794,7.881,7.809,7.905,7.703,7.972,7.723,7.95,7.751,7.917,8.671,12.381,10.56,9.427,8.814,8.424,7.984,8.091,7.791,7.697,8.055,7.883,7.94,7.846,7.678,8.053,7.936,7.748,7.84,7.798,7.953,7.916,7.571,7.976,7.784,7.918,7.89,7.603,8.005,7.907,7.699,7.893,7.773,8.034,7.883,7.761,7.969,7.776,7.863,7.833,7.687,8.019,7.843,7.761,7.964,7.85,8.072,7.894,7.628,7.926,7.813,7.871,7.879,7.745,8.008,7.848,7.681,7.974,7.787,7.964,7.819,7.739,8.051,7.905,7.813,7.849,7.785,7.953,7.852,7.708,8.0,7.841,7.877,7.663,7.818,8.093,7.904,7.716,7.979,7.812,7.928,7.794,7.694,7.914,7.846,7.756,7.915,7.746,8.008,7.882,7.713,7.979,7.779,7.863,7.833,7.666,8.099,7.871,7.647,7.887,8.561,9.796,9.375,8.551,8.447,8.091,8.124,7.986,7.755,8.078,7.994,7.76,7.979,7.868,7.974,7.803,7.705,8.043,7.91,7.722,7.936,7.868,7.837,7.906,7.736,8.024,7.893,7.75,8.009,7.889,7.798,7.928,7.818,7.931,7.85,7.764,8.034,7.867,7.695,8.051,7.845,7.82,7.913,7.774,7.993,7.891,7.679,8.003,7.878,7.678,7.984,7.829,7.879,7.846,7.779,8.019,7.833,7.676,8.062,7.881,7.743,7.908,7.796,7.94,7.882,7.748,8.02,7.885,7.695,7.979,7.837,7.763,7.961,7.781,7.938,7.871,7.697,8.055,7.862,7.698,8.034,7.865,7.743,7.896,7.788,7.903,7.881,7.749,8.011,7.886,7.712,8.026,7.843,7.793,7.936,7.778,7.963,7.835,7.686,8.079,7.906,7.653,7.965,7.842,7.808,7.942,7.825,7.994,7.857,7.691
